text,label,notes
"City's high press this season has forced 18 turnovers in the final third per game — highest in the league — which directly explains their league-leading 2.4 xG per game from transitions. Pep has essentially weaponized the opponent's defensive structure against them.",analysis,
"Rodri's passing accuracy in the opponent's half sits at 94.3% this season. That's not a midfielder holding — that's a midfielder dictating. His role is closer to a quarterback than a six.",analysis,
"The reason Arsenal keep dropping points late is structural, not mental. Their pressing intensity drops sharply after 70 minutes — their PPDA goes from 8.2 in the first half to 13.6 in the second. That's a fitness and squad depth issue, not bottle.",analysis,
"Liverpool's gegenpressing works because of the specific spacing Klopp sets up — the front three stay within 25-30 meters of each other, which means the transition from press to counter takes under 4 seconds on average. It's engineered, not improvised.",analysis,
"Comparing Haaland's numbers to traditional strikers is misleading. His xG overperformance (+8.3 goals above xG in his first two PL seasons) is the highest in the league's recorded history. He's not just clinical — he's statistically unprecedented.",analysis,
"The reason Bellingham works at Real Madrid where he struggled at Dortmund in big European nights is positioning. At Dortmund he was asked to press and recover. At Madrid he operates in the half-space in a 4-3-1-2 shape, which suits his attacking instincts far better.",analysis,
"Trent's defensive numbers are consistently cited as poor, but his positional role explains this. He functions as a right-sided midfielder in build-up, which means his 1v1 defensive duel numbers are from a wide midfield position, not a conventional fullback position. Context matters.",analysis,
"Barcelona's financial troubles map almost exactly onto their on-pitch decline: their squad age has risen from 24.8 average in 2015 to 28.1 in 2023 as they've been forced to rely on aging, high-salaried players rather than buying younger profiles. This is balance sheet football.",analysis,
"The pressing trap Atletico ran against Bayern in the second leg was textbook Simeone. They sat in a 4-4-2 mid-block, funneled Bayern down the right channel, then sent two men to press the receiving fullback simultaneously. Bayern's build-up broke down in exactly that zone 11 times.",analysis,
"Salah's output has declined in his late 30s but his underlying numbers are misread. His shooting volume is down but his shot quality is up — his average xG per shot has risen from 0.13 to 0.19. He's taking fewer, better shots, which is a sign of intelligence not decline.",analysis,
"The reason England struggle in tournaments despite the talent pool isn't mentality — it's the system. The Premier League doesn't produce possession-comfortable midfielders who can play out of pressure. English clubs press high and transition fast, so England players are uncomfortable in a slower, patient build-up style.",analysis,
"Inter Milan's defensive record this season is directly tied to their defensive line height. They sit at an average of 52 meters from their own goal, the highest in Serie A, which compresses the space for opposition midfielders and forces errors in central zones.",analysis,
"Mbappe's finishing efficiency drops in away knockout matches — his conversion rate falls from 26% at home to 14% away in Champions League knockouts. This is a small sample but it's consistent across three seasons and worth tracking.",analysis,
"The reason Brazil hasn't won a World Cup since 2002 is systematic. Their development system now produces technically gifted wide players but underproduces holding midfielders. Every World Cup squad since 2006 has had the same structural weakness in that role.",analysis,
"Declan Rice's pressing numbers at Arsenal are significantly better than at West Ham — his pressures per 90 have risen from 19.4 to 26.1 and his successful pressure rate has gone from 31% to 38%. Playing in a higher press, with teammates who press simultaneously, makes individual pressing more effective.",analysis,
"The reason Girona overperformed their budget in La Liga this season is their xG model is built around medium-range shots from the half-space. Their wide players cut inside and shoot from 18-22 meters, generating chances with an xG of ~0.12 each — low individually, but they take 14 of them a game.",analysis,
"Son Heung-min's goal return without Kane vs. with Kane tells the wrong story. His shot-assist numbers — passes that directly lead to shots — are actually higher without Kane because he's forced into a more creative role. Kane was suppressing his playmaking contributions.",analysis,
"Ajax's decline since 2019 maps directly to their player sale model. They've sold 11 starters from the CL finalist squad and each replacement has had a lower minutes-per-season output than the player they replaced. The model assumes replacement quality but the data doesn't support it.",analysis,
"Xabi Alonso's Leverkusen plays a 3-4-2-1 shape in possession that shifts to a 5-2-3 in transition. The key is the inside forwards — they track back to become the '2' in that midfield, which means Leverkusen rarely concede on the counter because the defensive shape is already set before possession is lost.",analysis,
"Germany's pressing intensity under Nagelsmann has increased but their defensive record hasn't improved because they press high without a low block to fall back to. When the press is beaten, there's a 30-40 meter gap between midfield and defense. Spain and Portugal punished this exact pattern.",analysis,
"Dribbling success rate is the most overrated attacking stat in football analytics. A player who attempts 3 dribbles and completes 2 (67%) is rated highly, but a player who attempts 9 and completes 5 (56%) creates far more attacking situations. Volume matters as much as efficiency.",analysis,
"The reason PSG haven't won the Champions League despite their investment is structural, not quality. They've never had a proper defensive midfielder who can press and recover — Verratti was a playmaker, Fabian is a passer. The defensive transition is permanently exposed.",analysis,
"Lamine Yamal's positioning in Spain's build-up is more sophisticated than his age suggests. He consistently takes positions behind the fullback's line of sight, which creates a blind-side passing option for the left center-back. It's a trained movement, not instinct.",analysis,
"The penalty kick save rate for top goalkeepers has converged to around 15-18% across the last decade. The slight variation between keepers is within statistical noise at the sample sizes most keepers accumulate. Penalty saving 'specialists' are largely a narrative, not a measurable skill.",analysis,
"Portugal's golden generation narrative ignores the structural factor: they've consistently underperformed their xG in knockout games. Their xGD at every tournament since 2016 has been positive but their actual GD has been worse. They create chances but convert poorly under pressure.",analysis,
"Foden's best role is in the half-space on the left as an inverted eight, not as a traditional winger. His chances created from inside-the-box cutting runs are 60% higher in that role than when he's deployed wide. The wider role limits his ability to arrive late into the box.",analysis,
"The set piece revolution in modern football is real and measurable. Teams that invest in set piece coaching see an average +0.3 xG per game from dead balls. Over a 38-game season that's 11+ expected goals — enough to separate mid-table from a European spot.",analysis,
"Aston Villa's European overperformance is tactically explained. Unai Emery deploys a defensive shape that sits in a 4-4-2 mid-block, absorbs pressure, and transitions through the exact same three passing combinations every time. The predictability is hidden by the speed of execution.",analysis,
"The reason Bayer Leverkusen went unbeaten in the Bundesliga wasn't luck — their xGD was +1.8 per game, the highest recorded in the Bundesliga era. They weren't riding variance, they were genuinely dominant.",analysis,
"Goalkeeper distribution has become the most undervalued skill in modern pressing systems. Teams that press high need their keeper to play out quickly and accurately. Liverpool's win percentage when Alisson plays the ball outfield in 5 seconds is 68% vs. 52% when he holds it. The distribution is a tactical weapon.",analysis,
"The offside trap requires the defensive line to move as a single unit within a 0.3-second window. Modern high lines work because video analysis and training repetition have made this synchronization learnable at elite level. It's a coached technique, not intuition.",analysis,
"Haaland is overrated. He scores when the game is already won and disappears in tight games. Just a tap-in merchant with good stats on a great team.",hot_take,
"VAR has completely ruined football. Every single decision takes 10 minutes and half of them are still wrong. Just scrap the whole thing.",hot_take,
"Mbappe will never win a Ballon d'Or. He's too inconsistent and always disappears in the big moments that actually matter.",hot_take,
"Messi is the greatest of all time and it's not even close. Anyone who argues otherwise has never watched football properly.",hot_take,
"The Premier League is the only league worth watching. La Liga is boring, Bundesliga is one-team, Serie A is slow. The PL is just on a different level.",hot_take,
"Ronaldo is finished. Has been for two years. Al-Nassr stats don't count, playing against taxi drivers.",hot_take,
"Penalty shootouts are a lottery and a disgrace. They should settle draws by counting shots on target over the whole match.",hot_take,
"Modern footballers are soft. Players in the 90s would've played through injuries that get players rested for weeks now. The game has gotten weaker.",hot_take,
"Tuchel was the best manager in the world two years ago and nobody talks about him anymore. Recency bias is killing football discourse.",hot_take,
"Pep Guardiola is the most overrated manager in football history. Give anyone his budget and his squad depth and they'd win the league too.",hot_take,
"Defenders should never be allowed to win the Ballon d'Or. It's an attacking player award by tradition and that's how it should stay.",hot_take,
"England will never win a major tournament as long as the FA picks the manager. The interference and politics is why they always fail.",hot_take,
"Women's football gets way too much coverage for the quality of the product. The viewership doesn't justify the airtime.",hot_take,
"Referees in the Champions League always favor Real Madrid. It's been happening for decades and UEFA just lets it happen.",hot_take,
"Modern pressing football is destroying the number 10 position and making football less entertaining. The beautiful game is dead.",hot_take,
"Rashford has been bad for two seasons. Stop defending him because of what he did during COVID. Performances on the pitch are what matter.",hot_take,
"Clubs that spend over a billion and still can't win the Champions League should face a spending audit. Chelsea and PSG are a joke.",hot_take,
"The Ballon d'Or is rigged. It's a French publication giving a French-owned award to French players. Mbappe will win it regardless of performance.",hot_take,
"Defensive football is boring and should be penalized. A team that wins 1-0 with 3 shots should be docked points for disrespecting the game.",hot_take,
"Leicester winning the league in 2016 was the worst thing to happen to English football. Now every mid-table team thinks they can compete at the top.",hot_take,
"Salah is a one-trick pony. Defenders have figured him out — he only cuts inside on his left foot. He's been declining for years.",hot_take,
"The MLS is not a real league. It's a retirement home for European players who want one last big payday. American football culture is not serious.",hot_take,
"Southgate should've been sacked after Euro 2020. He got lucky and the FA kept him around for no reason. His negative tactics are an embarrassment.",hot_take,
"Brazilian football is finished. They haven't produced a truly world-class player since Neymar and he's been a disappointment for years.",hot_take,
"Klopp leaving Liverpool is the best thing that could happen to them. His high press has a shelf life and the players were mentally exhausted.",hot_take,
"Away goals rule should come back. Getting rid of it made two-legged ties completely boring and unpredictable in the worst way.",hot_take,
"If Benzema had played in a winning national team his whole career he'd have three Ballon d'Ors by now. France made him retire.",hot_take,
"The World Cup should go back to 32 teams. 48 teams is pure greed and the group stages will be meaningless.",hot_take,
"Xavi was a terrible manager. He had the biggest squad budget in the world and still couldn't win the Champions League. Overrated as a coach.",hot_take,
"Spanish football is tactically backwards. La Liga clubs rely on individual brilliance and don't know how to press properly. That's why they fail in Europe.",hot_take,
"Goalkeepers shouldn't be allowed to hold the ball for more than 5 seconds. Time-wasting starts with them and the rules protect it.",hot_take,
"The Europa League is a curse. Winning it means more games, more fatigue, and a worse league season. Smart clubs don't even try to win it.",hot_take,
"City's invincible-like performances are just because they play in the weakest era of Premier League competition. The 2004 Arsenal squad would beat them.",hot_take,
"LETSGOOOOO THAT'S THE WINNER IN THE 94TH MINUTE I AM GOING ABSOLUTELY MENTAL",reaction,
"I can't stop crying. We actually did it. 3-0. This club, man. This absolute club.",reaction,
"That goal. That GOAL. I've watched it 20 times already and it still doesn't feel real.",reaction,
"Ref is an absolute joke. How is that not a red card. How. HOW.",reaction,
"Screaming at my TV right now. My neighbors must think I've lost it. Worth it.",reaction,
"We're through. I don't care how. We're through and that's all that matters.",reaction,
"That penalty save though???? My heart actually stopped.",reaction,
"Can't believe I paid to watch that performance. Embarrassing. Absolutely embarrassing.",reaction,
"The way the whole stadium went quiet after that equalizer. I felt it through the stream.",reaction,
"GOLAZOOOOO from 35 yards I am deceased",reaction,
"Just saw the scoreline. Didn't watch. Genuinely shocked. Didn't see that coming at all.",reaction,
"I'm not okay. That's two seasons in a row we've been knocked out like this. I'm not okay.",reaction,
"That substitution. That SUBSTITUTION. Why. Why on earth would you do that right now.",reaction,
"He's done it again. He always does it in the big games. Legend.",reaction,
"That's it. Season's over. No point watching anymore this year.",reaction,
"Unbelievable. I went to the toilet for two minutes and came back to 2-2. Football is cruel.",reaction,
"The noise in that stadium right now is something else. Absolutely electric.",reaction,
"Thought we were dead. Thought it was over. Never give up on this team. NEVER.",reaction,
"That red card was so harsh I'm actually shaking. Season-defining moment right there.",reaction,
"Just woke up and checked the score. Had to read it three times. Still can't believe it.",reaction,
"The look on his face when it went in. He knew. Absolute class.",reaction,
"Booed off. They got booed off their own pitch. That's how bad it was tonight.",reaction,
"My dad called me after the final whistle. We just sat there in silence for a minute. Football.",reaction,
"COME ON. COME ON. COME ONNNNN. YES YES YES YES",reaction,
"That tackle was in the 93rd minute. That is what this badge means. Unbelievable.",reaction,
"I had a feeling about today. I just had a feeling. Called it at kickoff. What a match.",reaction,
"Turned it off at 2-0. Came back to check out of habit. 3-2. Of course. OF COURSE.",reaction,
"That's a derby win. Pack it in. Nothing else matters today.",reaction,
"I can't even type properly right now. Hands shaking. What a performance.",reaction,
"VAR overturned that goal and I aged five years in real time.",reaction,
"He kissed the badge. He always kisses the badge. That's our captain.",reaction,
"Four-nil at half time. I don't even know what to say. Incredible.",reaction,
"Out in the group stages. Again. Same time next year of disappointment.",reaction,
"That was peak football. Both teams going at it. No tactics, no systems. Just football.",reaction,
"The whole pub erupted. I've never heard noise like it. Spine-tingling.",reaction,
"Sitting in the stadium right now. Still can't move. Just processing.",reaction,
"Manager got sacked an hour after the final whistle. Brutal but fair honestly.",reaction,
"Miss one match for a birthday dinner and this happens. Never again. NEVER again.",reaction,
"We were 93 minutes in. 93. And then that happened. Football hates me specifically.",reaction,
"Sobbed at the final whistle. Not ashamed. Fourteen years waiting for that moment.",reaction,
"The squad depth at City is genuinely unfair to the rest of the league. They can rotate nine players and barely notice a quality drop — their bench xG per 90 is higher than most starting elevens in the top half.",analysis,
"What separates elite goalkeepers from good ones isn't shot-stopping — it's claiming crosses. Ederson's aerial claim rate is 94% this season compared to the league average of 76%. That removes an entire layer of set-piece danger that other teams live with.",analysis,
"The 4-3-3 has given way to the 4-2-3-1 in elite European football because the double pivot is better suited to defending transitions against fast wingers. A single pivot midfielder can't cover both halfspaces simultaneously when a team turns the ball over high.",analysis,
"Ancelotti is underrated as a tactician specifically because he doesn't impose a rigid system. Real Madrid's 4-3-1-2 in possession becomes a 4-4-2 in transition becomes a 4-5-1 without the ball. The adaptability is the system.",analysis,
"Full-back overlaps are becoming obsolete at the highest level because teams press fullbacks too aggressively. The modern solution is inverted fullbacks who push centrally and create overloads in midfield instead of width in attack.",analysis,
"The reason Spain produce technically gifted players isn't just youth coaching philosophy — it's pitch size. Spanish academies train on smaller pitches that reward quick passing and penalize poor first touch. The touch quality is an infrastructural output.",analysis,
"Counterpress works on a cognitive principle: the defending team is disorganized for 5-7 seconds after losing possession. Klopp's Liverpool exploited this window systematically — their pressing actions in those 5 seconds per game averaged 4.1 in their peak season.",analysis,
"Tactical periodization, the Mourinho-era training methodology, is why his teams peak in December and fade in March. The method trains specific match intensities across the week but doesn't build the aerobic base for a 50-game season over a full campaign.",analysis,
"Brighton under De Zerbi were the most interesting passing team in England last season. Their average pass sequence length of 6.4 was the highest in the league, and they specifically targeted third-man combinations that bypassed the opponent's press.",analysis,
"The reason players decline faster at clubs with heavy fixture congestion isn't just physical — it's mental. Decision-making quality degrades with fatigue and high-frequency matches don't allow cognitive recovery. Scheduling is a hidden injury factor.",analysis,
"Modern fullbacks have the highest distance covered per game of any outfield position — averaging 12.4 km per 90. The position has become the most physically demanding role on the pitch and academies haven't adjusted conditioning programs fast enough.",analysis,
"Bundesliga clubs' financial model of selling young players for profit makes their European ceiling structurally limited. Bayern is the exception; every other club is an academy that occasionally reaches the semis.",analysis,
"The reason Man United have spent over a billion pounds without winning the league since 2013 isn't recruitment quality — it's the absence of a technical director from 2013 to 2022. Nine years of football decisions made without a coherent sporting structure.",analysis,
"Thiago Silva's career longevity at Chelsea was possible because his reading of the game replaced his athleticism. His positioning reduced his need to sprint — his high-speed distance covered per 90 was among the lowest for centre-backs in the league.",analysis,
"Serie A's defensive reputation is outdated. The league's average xG conceded per game has risen from 1.1 in 2016 to 1.4 in 2023 as Italian clubs have adopted higher lines and pressing systems. The catenaccio era is 20 years gone.",analysis,
"Penalty area touches per game is a better predictor of striker output than goals scored in the previous season. It captures involvement in the attack, not just finishing variance, and is far more stable year-over-year.",analysis,
"The Champions League group stage format change to a league phase wasn't about competition quality — it was about guaranteed TV broadcast slots for big clubs who were threatening a breakaway Super League. The format change is revenue protection.",analysis,
"Raphinha's best position is centrally as a 10, not as a right winger. His chance creation numbers from central positions are 40% higher than from wide positions, but Barcelona play him wide to protect their investment in the role.",analysis,
"Dybala at Roma shows that Serie A's slower pace can extend a player's career significantly. His injury record in Italy is dramatically better than in England or Spain, and his technical output has remained elite. League environment affects longevity.",analysis,
"The 'big six' Premier League clubs' European underperformance in recent years is partly explained by fixture congestion. The PL runs from August to May with League Cup and FA Cup commitments, while the top European clubs have domestic structures that allow more rotation.",analysis,
"Header success rate correlates more with positioning timing than with jumping height. Virgil van Dijk's aerial dominance is largely explained by his ability to start his run at exactly the right moment — he wins headers at a height three inches below his maximum jump.",analysis,
"Ferran Torres was ruined by Pep Guardiola's rotation policy. He was a 30-goal-a-season player at Valencia with consistent minutes and at City he was used as a plug-in for every position. Inconsistent roles destroy striker development.",analysis,
"The reason Real Madrid keep winning the Champions League is their squad culture more than their squad quality. Their experienced players — Modric, Carvajal, Kroos — maintained composure in knockout games that younger, more talented squads lose. Culture compounds.",analysis,
"Napoli's Scudetto under Spalletti was tactically revolutionary for Serie A. Their defensive block sat at 48 meters — unprecedented for an Italian title winner — and their press forced turnovers in the opposition's half at a rate unseen in the league since the data era began.",analysis,
"Diogo Jota's injury record at Liverpool is starting to look structural rather than accidental. He's missed significant minutes in each of his four seasons. It's worth examining whether the gegenpressing system's physical demands are incompatible with his muscular profile.",analysis,
"Zinedine Zidane's greatest coaching achievement isn't three Champions Leagues — it's managing an ego-heavy dressing room through a transition from Ronaldo-first to collective football without a single visible conflict. Man-management is the underrated coaching skill.",analysis,
"The reason promoted clubs struggle in their first Premier League season is pace adaptation, not quality. Championship teams train at a specific tempo; the PL's speed-of-play is physically different and takes a full season to adjust to. The second season is always better.",analysis,
"Mbappe is overrated — his Champions League knockout-stage conversion rate drops significantly against top-10 ranked defenses. He's a regular-season player.",hot_take,"difficult: cites a stat but uses it to assert a conclusion rather than build an argument. Decided hot_take because the framing is accusatory and the stat is cherry-picked to win an argument, not explore one."
"Pathetic performance. No heart, no desire. The manager needs to go.",hot_take,"difficult: could be reaction (emotional) or hot_take (makes a claim about the manager). Decided hot_take because 'needs to go' is a debatable claim, not just an expression of feeling."
"That was their 5th win in a row. Unreal. Best form in the league right now.",reaction,"difficult: cites one number but the post is celebratory, not argumentative. The stat is decorative context, not evidence for a claim. Decided reaction."
"The modern game rewards mediocrity. You can finish 4th every year, never win anything, and be considered a successful club. Standards have collapsed.",hot_take,
"Neymar was a generational talent who completely wasted his prime years in Paris. One of the great 'what ifs' in football history.",hot_take,
"The Eredivisie is useless as a development league now. Ajax can't keep any players and PSV can't qualify past the groups. Dutch football is in freefall.",hot_take,
"Tactical analysis content on YouTube is 80% nonsense from people who've never played or coached. They watch too many zoomed-in clips and call it insight.",hot_take,
"International breaks are the most pointless thing in football. Nobody cares about friendlies and players always come back injured. Scrap them.",hot_take,
"Rightly or wrongly, you'll never convince me that Messi would've had the same career at Manchester City instead of Barcelona. The environment built him.",hot_take,
"The Invincibles record will never be broken. The Premier League is too competitive and scheduling too demanding. It's genuinely untouchable.",hot_take,
"Goalkeepers who play the ball out from the back are overrated and get their team into trouble 10 times more often than they create advantages.",hot_take,
"European Super League would've been better for football. Guaranteed elite matches, better revenue distribution, no group stage snoozefests.",hot_take,
"Women's football has a ceiling and it's lower than most people want to admit. The physicality and pace gap with the men's game isn't going to close.",hot_take,
"Kante was the most important player in Chelsea's and France's most successful recent eras and he's already being forgotten. Criminally underappreciated.",hot_take,
"The Conference League is an embarrassment to UEFA's brand. Imagine marketing a competition where the best clubs in it would lose to most Bundesliga reserves.",hot_take,
"Agents ruin football. They convince players to take the wrong move for a bigger cut, then blame the club when the player fails. The whole ecosystem is rotten.",hot_take,
"That stoppage time winner just sent the whole away end into absolute meltdown. Beautiful scenes.",reaction,
"Watching this from home and I'm already pacing around the room. No way I'd survive in the stadium.",reaction,
"That was the worst half of football I have ever personally witnessed. No words.",reaction,
"He's been brilliant all season and he deserved that goal. Pure joy on his face.",reaction,
"1-0 up at the break. Dare I breathe? Dare I hope? Something always goes wrong.",reaction,
"The goalkeeper just palmed that onto the crossbar. My heart is in my throat.",reaction,
"Final whistle. We're safe. It took until the last day but we're safe.",reaction,
"Six nil. SIX NIL. This is the funniest and saddest thing I've ever watched.",reaction,
"Going to the game tomorrow. Already can't sleep. Big match energy.",reaction,
"This is genuinely one of the best matches I've seen in years. End to end, both teams going for it.",reaction,
"That handball. That handball in the 89th minute. I literally cannot.",reaction,
"Just full time. Take a bow lads. Absolutely take a bow.",reaction,
"The stadium is absolutely rocking. You can hear it through the broadcast. Incredible.",reaction,
"He was already celebrating before it hit the net. Knew it was in. Coolest man alive.",reaction,
"Genuinely don't know what I just watched. That was bizarre football from start to finish.",reaction,
"The kids are in bed, I'm watching alone, and I just screamed loud enough to wake the whole house. Worth it.",reaction,
"Thought about turning this off at 3-0. So glad I didn't. 3-3. Football is unreal.",reaction,
"That offside call has ruined my entire week. I'm not being dramatic. My entire week.",reaction,
"First game at the new stadium. Still getting used to it but the atmosphere was electric tonight.",reaction,
"We haven't beaten them in six years. SIX YEARS. And then that. And then THAT.",reaction,
"Double substitution at 60 minutes when we're winning. What is the manager thinking. WHAT.",reaction,
"That's a top four finish confirmed. We actually did it. Had to pinch myself.",reaction,
"Celebrating a draw. That's where we are as a club right now. Not sure how to feel.",reaction,
"Just the scenes on the pitch at full time. Players, staff, everyone. Pure emotion.",reaction,
"I've supported this club for 30 years. Today is one of the top three moments. Easy.",reaction,
"The keeper's face when the ball went in off the post. That's the sport.",reaction,
"Conceded in the first minute. Was this going to be one of those days. It was one of those days.",reaction,
"Couldn't watch the penalties. Hiding in the kitchen. Heard the groan. Came back to see we missed. Expected nothing less.",reaction,
"They sang his name all night even though he's been linked with a move away. The love is real.",reaction,
"First goal for the club. You could tell what it meant. Running to the corner flag like he'd won the World Cup.",reaction,
"Manager punching the air on the touchline. First time I've seen him react like that all season.",reaction,
"Possession stats are overrated as a measure of dominance. Barcelona in their decline years regularly hit 65%+ possession while losing. Controlling the ball only matters if you do something dangerous with it — xG per possession sequence is the meaningful number.",analysis,
"The reason young centre-backs struggle in the Premier League isn't pace — it's communication. Reading aerial duels and organizing a back four requires 30+ hours of match-specific language with teammates. That takes at minimum two full seasons to develop.",analysis,
"Goalkeeper distribution quality has a direct causal link to pressing success. A keeper who can play to the half-spaces under pressure eliminates the pressing trigger — the opponent can't press if the ball moves faster than they can react to it.",analysis,
"Athletic Bilbao's La Liga survival with a Basque-only recruitment policy is the most impressive long-term structural achievement in European football. Their player development system must compensate for a talent pool roughly 1/40th the size of clubs they compete against.",analysis,
"Morocco's World Cup run in 2022 was tactically built on a 4-1-4-1 defensive shape that was drilled to maintain compactness within a 35-meter band. Their goals conceded per match in the knockout rounds (0.75) was the best of any team at the tournament.",analysis,
"The reason Leicester's title win in 2016 was unrepeatable isn't the quality — it's that other clubs immediately adapted. Every big six manager spent the following summer studying their counter-press triggers and coaching responses. The tactical surprise can't be replicated.",analysis,
"Xhaka at Arsenal under Arteta is proof that a player's ceiling is partly determined by system. At the Swiss national team and early Arsenal he was a competent but uninspiring passer. In a high press with automatic support around him his decision-making elevated dramatically.",analysis,
"The Champions League final venue being determined four years in advance creates a structural bias. Host cities make stadium choices based on infrastructure, which almost always favors Western European clubs whose fans can travel more cheaply to conventional locations.",analysis,
"Bellingham's goal return at Real Madrid is sustainable because he arrives late into the box from midfield — a role defenders consistently fail to track because they're focused on the ball-carrier. His positional timing is the skill, not his finishing.",analysis,
"The reason Dutch clubs fail in the Champions League beyond the quarters isn't quality — it's scheduling. The Eredivisie has winter breaks and fewer total matches, meaning Dutch players arrive in European knockouts with 15 fewer competitive minutes per season than their opponents.",analysis,
"Saka is overrated. One good tournament and suddenly he's untouchable? He has barely five truly elite performances for Arsenal. England fans are blinded by nationality.",hot_take,
"Klopp was never actually a great tactician — he just had Henderson and Wijnaldum running themselves into the ground for him. Give anyone those players pressing that hard and you'd get similar results.",hot_take,
"Transfer fees are completely fictional. No club is worth £100m. The whole system is clubs inflating fees to justify their own valuations on players they want to sell. It's circular and meaningless.",hot_take,
"Video assistant referee was invented by people who have never experienced live football. The technology serves broadcast, not the game.",hot_take,
"Spain's national team domination has been bad for football globally. It made every nation try to play tiki-taka even when their players aren't built for it. A decade of bad imitation football.",hot_take,
"Clubs who sell players to rivals should face a transfer embargo. You're literally strengthening a competitor. It's a betrayal of your own fanbase no matter what the fee is.",hot_take,
"Athletic Bilbao's Basque-only policy is romanticized nonsense. They're competing with one hand tied behind their back and using it as a marketing story. Any serious club would end it immediately.",hot_take,
"Watching commentary teams try to explain expected goals to a mainstream audience is genuinely painful. The metric has been ruined by overexposure and misuse. Just go back to shots on target.",hot_take,
"International friendlies should be banned by FIFA. No one watches them, players get injured, and they don't tell you anything useful about the squad.",hot_take,
"Stadium naming rights are soulless and every club that sells them loses a piece of its identity. The Emirates, the Etihad — these are brands, not homes.",hot_take,
"Champions League music is the only good thing UEFA has ever done. Everything else they've touched has been worse for the sport.",hot_take,
"Saudi Pro League signings have permanently tainted the careers of everyone who went. Future historians will view it the same way we view players who went to the NASL in the 70s.",hot_take,
